{"best/epoch": 214, "best/precision": 0.8290369573258668, "best/recall": 0.6130828630828631, "best/mAP_0.5": 0.6646649653884567, "best/mAP_0.5:0.95": 0.34264497444877073, "Labels": {"_type": "images/separated", "width": 1600, "height": 1600, "format": "jpg", "count": 2, "filenames": ["media/images/Labels_0_e2a4bac07fd8a878fbbc.jpg", "media/images/Labels_0_faa3eacbbfdaeccf1007.jpg"], "captions": ["labels.jpg", "labels_correlogram.jpg"]}, "train/box_loss": 0.024475593119859695, "train/obj_loss": 0.007058374583721161, "train/cls_loss": 0.00020648630743380636, "metrics/precision": 0.8294631998270785, "metrics/recall": 0.6130828630828631, "metrics/mAP_0.5": 0.6648704519093251, "metrics/mAP_0.5:0.95": 0.34284062702515133, "val/box_loss": 0.051588308066129684, "val/obj_loss": 0.009450163692235947, "val/cls_loss": 0.006089524365961552, "x/lr0": 0.00016600000000000043, "x/lr1": 0.00016600000000000043, "x/lr2": 0.00016600000000000043, "_timestamp": 1654282745, "_runtime": 775, "_step": 300, "Mosaics": {"_type": "images/separated", "width": 1664, "height": 1664, "format": "jpg", "count": 3, "filenames": ["media/images/Mosaics_3_91b02976e81b5cb546b8.jpg", "media/images/Mosaics_3_58751139e6366fdaa22e.jpg", "media/images/Mosaics_3_15a7e422363ffb3e1319.jpg"], "captions": ["train_batch0.jpg", "train_batch1.jpg", "train_batch2.jpg"]}, "BoundingBoxDebugger": {"_type": "images/separated", "width": 448, "height": 448, "format": "png", "count": 16, "filenames": ["media/images/BoundingBoxDebugger_299_b0b567344a6208fb19ca.png", "media/images/BoundingBoxDebugger_299_17a32b8cdd2af052aa71.png", "media/images/BoundingBoxDebugger_299_e62e116f74314a3d02d3.png", "media/images/BoundingBoxDebugger_299_d83d76bd52984b928ad7.png", "media/images/BoundingBoxDebugger_299_dffdd896c70a2c24f0a0.png", "media/images/BoundingBoxDebugger_299_3daf668483dea609d545.png", "media/images/BoundingBoxDebugger_299_2717caea495b4c8e66f6.png", "media/images/BoundingBoxDebugger_299_532b3517df7d88a62241.png", "media/images/BoundingBoxDebugger_299_1ffc43e07493853b55a0.png", "media/images/BoundingBoxDebugger_299_b6f346c9807abbd73ffe.png", "media/images/BoundingBoxDebugger_299_e66d6f3da82649c0b844.png", "media/images/BoundingBoxDebugger_299_269f4642218f0a764d0b.png", "media/images/BoundingBoxDebugger_299_1dc97bd538c676e0d8f0.png", "media/images/BoundingBoxDebugger_299_c798871b9e22ed984410.png", "media/images/BoundingBoxDebugger_299_74379d062aeb8a713202.png", "media/images/BoundingBoxDebugger_299_50aa92b42629dd2ec0b4.png"], "captions": ["IMG_0399_JPG.rf.ea003913a3b3f9a5d0d8b1c0abae008f.jpg", "IMG_4394_JPG.rf.b8860a462dc84c2d6161eeeb7a97b17e.jpg", "IMG_4392_JPG.rf.727e1737229a1bf79d1667093e3461a0.jpg", "IMG_4391_JPG.rf.8df21fb9680423285f39f06987147ccb.jpg", "IMG_4388_JPG.rf.ceb992db72d29795c28fa4062d16ad4a.jpg", "IMG_4387_JPG.rf.19b7df62dd1af244a321c7e3595e0535.jpg", "IMG_4384_JPG.rf.4208c6698178f1727be8f02ff06804f7.jpg", "IMG_4381_JPG.rf.3bbca536a0e200fd5d7ea4f9ca1b1978.jpg", "IMG_4378_JPG.rf.99e0ac32971dc26f5efd03834780f90f.jpg", "IMG_4377_JPG.rf.abe529f2dd20409f017199461cce726a.jpg", "IMG_4374_JPG.rf.109893516a62305fa74ede4a86146850.jpg", "IMG_4372_JPG.rf.42a691fc6e222f09d059ac2902b91109.jpg", "IMG_4371_JPG.rf.c0007081be265897a4918aac4e47beec.jpg", "IMG_4368_JPG.rf.6d568008ed40af4c5dacfba3fd383847.jpg", "IMG_4366_JPG.rf.37b8bebbb90a52b9a19302b61be2c600.jpg", "IMG_4364_JPG.rf.b78eae1bf9cc51c047545f005330b60e.jpg"], "all_boxes": [{"predictions": {"_type": "boxes2D", "sha256": "d4fe6fa804df7f6d30d9652ab20500fc4b0ef99b8219ef1b52363ab30fce29ee", "size": 3718, "path": "media/metadata/boxes2D/BoundingBoxDebugger_299_d4fe6fa804df7f6d30d9.boxes2D.json"}}, {"predictions": {"_type": "boxes2D", "sha256": "51fb31ea5542c1dfc1197916bc4d51a9ace14868078312604103ccf3ae9a54e1", "size": 6642, "path": "media/metadata/boxes2D/BoundingBoxDebugger_299_51fb31ea5542c1dfc119.boxes2D.json"}}, {"predictions": {"_type": "boxes2D", "sha256": "b62eb26718cf838ca2eaff8946837cf99b33dd9b26fc2d3a0e3c9f42a3ecf7c8", "size": 6824, "path": "media/metadata/boxes2D/BoundingBoxDebugger_299_b62eb26718cf838ca2ea.boxes2D.json"}}, {"predictions": {"_type": "boxes2D", "sha256": "ea6de671ea2e9295b234b48f336651110946b6825291e3cd292ee3d69af65e85", "size": 7559, "path": "media/metadata/boxes2D/BoundingBoxDebugger_299_ea6de671ea2e9295b234.boxes2D.json"}}, {"predictions": {"_type": "boxes2D", "sha256": "1fcd9bdd57fc3c74324543792154d07087dcf51393b2bfe9a140b886bfe24273", "size": 8153, "path": "media/metadata/boxes2D/BoundingBoxDebugger_299_1fcd9bdd57fc3c743245.boxes2D.json"}}, {"predictions": {"_type": "boxes2D", "sha256": "6d864c1cbbb89382962c42bec49eabad9100dce671ab022620824d05a53f8d95", "size": 3922, "path": "media/metadata/boxes2D/BoundingBoxDebugger_299_6d864c1cbbb89382962c.boxes2D.json"}}, {"predictions": {"_type": "boxes2D", "sha256": "571e02622697e7fd91f1d1fc63aa621cfe11c76c44c3757cd46eb67a7bd78cb2", "size": 4133, "path": "media/metadata/boxes2D/BoundingBoxDebugger_299_571e02622697e7fd91f1.boxes2D.json"}}, {"predictions": {"_type": "boxes2D", "sha256": "3b7326868caaba6347f37138cb5f06c812a2da18fb15a58b8c6dfd42dbc6b5f4", "size": 3173, "path": "media/metadata/boxes2D/BoundingBoxDebugger_299_3b7326868caaba6347f3.boxes2D.json"}}, {"predictions": {"_type": "boxes2D", "sha256": "4cdbec2f447b2248a7b443f484f002c4111d96651816f7f6bc2e13a6e13a3c5d", "size": 3923, "path": "media/metadata/boxes2D/BoundingBoxDebugger_299_4cdbec2f447b2248a7b4.boxes2D.json"}}, {"predictions": {"_type": "boxes2D", "sha256": "d15698eee5b4b24594cad5ff75a540d649ccfddb6d6da8b5706c850aa4cc0616", "size": 2576, "path": "media/metadata/boxes2D/BoundingBoxDebugger_299_d15698eee5b4b24594ca.boxes2D.json"}}, {"predictions": {"_type": "boxes2D", "sha256": "3a905c02985775e5e339ea4d794eb0800c7eb40752f7ed4a22ddb04d2947b458", "size": 2981, "path": "media/metadata/boxes2D/BoundingBoxDebugger_299_3a905c02985775e5e339.boxes2D.json"}}, {"predictions": {"_type": "boxes2D", "sha256": "aa9f8daa12e72cf0af61e10b80ecc9180e572053b6c5690c3a18721fab985548", "size": 5104, "path": "media/metadata/boxes2D/BoundingBoxDebugger_299_aa9f8daa12e72cf0af61.boxes2D.json"}}, {"predictions": {"_type": "boxes2D", "sha256": "e5b07cabfe3c0b7d1fe2f612c5f21a11a467e6316f59125ebae1cb693c3368a6", "size": 3693, "path": "media/metadata/boxes2D/BoundingBoxDebugger_299_e5b07cabfe3c0b7d1fe2.boxes2D.json"}}, {"predictions": {"_type": "boxes2D", "sha256": "5371fccf3b91fec173825dee6a073e49e0d223cf982fab65eabdd672bb9cf10b", "size": 6633, "path": "media/metadata/boxes2D/BoundingBoxDebugger_299_5371fccf3b91fec17382.boxes2D.json"}}, {"predictions": {"_type": "boxes2D", "sha256": "f2b66e42ff05141dd78963e5a0bef1940d2be6458d9c7ae203f8e180faf361f2", "size": 2539, "path": "media/metadata/boxes2D/BoundingBoxDebugger_299_f2b66e42ff05141dd789.boxes2D.json"}}, {"predictions": {"_type": "boxes2D", "sha256": "d7dd810c381db97e9287b376374c3d14a485730ed6e313ace2b2fdea3c269674", "size": 6234, "path": "media/metadata/boxes2D/BoundingBoxDebugger_299_d7dd810c381db97e9287.boxes2D.json"}}]}, "Validation": {"_type": "images/separated", "width": 1792, "height": 1792, "format": "jpg", "count": 2, "filenames": ["media/images/Validation_300_fbd881aeac21304ddb3d.jpg", "media/images/Validation_300_6a65ce9a356c61c3d59b.jpg"], "captions": ["val_batch0_labels.jpg", "val_batch0_pred.jpg"]}, "Results": {"_type": "images/separated", "width": 2400, "height": 1200, "format": "png", "count": 6, "filenames": ["media/images/Results_300_6f01a38a550b79311f9b.png", "media/images/Results_300_b7d58a325b3e989d1b3c.png", "media/images/Results_300_f4d307475fb2476cb465.png", "media/images/Results_300_14e9c253f3478d8883c9.png", "media/images/Results_300_8871bb153868ff8cfd73.png", "media/images/Results_300_e3d632fb0ec895953342.png"], "captions": ["results.png", "confusion_matrix.png", "F1_curve.png", "PR_curve.png", "P_curve.png", "R_curve.png"]}, "_wandb": {"runtime": 777}}