{"best/epoch": 255, "best/precision": 0.822142382126228, "best/recall": 0.6472135099124626, "best/mAP_0.5": 0.7247083804841985, "best/mAP_0.5:0.95": 0.3928151305071937, "Labels": {"_type": "images/separated", "width": 1600, "height": 1600, "format": "jpg", "count": 2, "filenames": ["media/images/Labels_0_e2a4bac07fd8a878fbbc.jpg", "media/images/Labels_0_faa3eacbbfdaeccf1007.jpg"], "captions": ["labels.jpg", "labels_correlogram.jpg"]}, "train/box_loss": 0.016563361510634422, "train/obj_loss": 0.0067198621109128, "train/cls_loss": 0.00014366644609253854, "metrics/precision": 0.8216539961632969, "metrics/recall": 0.6470999345021948, "metrics/mAP_0.5": 0.7247221656216827, "metrics/mAP_0.5:0.95": 0.3928251553207017, "val/box_loss": 0.04616939648985863, "val/obj_loss": 0.015219931490719318, "val/cls_loss": 0.005275708623230457, "x/lr0": 0.00016600000000000043, "x/lr1": 0.00016600000000000043, "x/lr2": 0.00016600000000000043, "_timestamp": 1654279729, "_runtime": 1404, "_step": 300, "Mosaics": {"_type": "images/separated", "width": 1920, "height": 1920, "format": "jpg", "count": 3, "filenames": ["media/images/Mosaics_2_e181621cc6630ecef100.jpg", "media/images/Mosaics_2_59ba00efbaae9fa2ec99.jpg", "media/images/Mosaics_2_4641998aeef27a78d2dd.jpg"], "captions": ["train_batch0.jpg", "train_batch1.jpg", "train_batch2.jpg"]}, "BoundingBoxDebugger": {"_type": "images/separated", "width": 672, "height": 672, "format": "png", "count": 16, "filenames": ["media/images/BoundingBoxDebugger_299_01b6354649b4f3e9f99e.png", "media/images/BoundingBoxDebugger_299_7b98cd0ecf24114616c6.png", "media/images/BoundingBoxDebugger_299_43dd81ad80cb1b99905e.png", "media/images/BoundingBoxDebugger_299_a7e7349ab8019647fa3b.png", "media/images/BoundingBoxDebugger_299_54f1b356f6d8b5b232d0.png", "media/images/BoundingBoxDebugger_299_ae9c39de4a7dad6224fa.png", "media/images/BoundingBoxDebugger_299_fd4bf2b35c62e4eaa602.png", "media/images/BoundingBoxDebugger_299_b50c75e351bb6d0177b5.png", "media/images/BoundingBoxDebugger_299_743f394a7bf9eeb871b5.png", "media/images/BoundingBoxDebugger_299_19edcc2b6ec508acfb45.png", "media/images/BoundingBoxDebugger_299_749f2c33f9c3a92b1f1a.png", "media/images/BoundingBoxDebugger_299_f57ae26068e33a60032b.png", "media/images/BoundingBoxDebugger_299_285028365182d6742284.png", "media/images/BoundingBoxDebugger_299_560cdd065e4dbfd7a11d.png", "media/images/BoundingBoxDebugger_299_77e8a84eb07a1a049ccd.png", "media/images/BoundingBoxDebugger_299_59dd8f64def8ea371338.png"], "captions": ["IMG_0399_JPG.rf.ea003913a3b3f9a5d0d8b1c0abae008f.jpg", "IMG_4394_JPG.rf.b8860a462dc84c2d6161eeeb7a97b17e.jpg", "IMG_4392_JPG.rf.727e1737229a1bf79d1667093e3461a0.jpg", "IMG_4391_JPG.rf.8df21fb9680423285f39f06987147ccb.jpg", "IMG_4388_JPG.rf.ceb992db72d29795c28fa4062d16ad4a.jpg", "IMG_4387_JPG.rf.19b7df62dd1af244a321c7e3595e0535.jpg", "IMG_4384_JPG.rf.4208c6698178f1727be8f02ff06804f7.jpg", "IMG_4381_JPG.rf.3bbca536a0e200fd5d7ea4f9ca1b1978.jpg", "IMG_4378_JPG.rf.99e0ac32971dc26f5efd03834780f90f.jpg", "IMG_4377_JPG.rf.abe529f2dd20409f017199461cce726a.jpg", "IMG_4374_JPG.rf.109893516a62305fa74ede4a86146850.jpg", "IMG_4372_JPG.rf.42a691fc6e222f09d059ac2902b91109.jpg", "IMG_4371_JPG.rf.c0007081be265897a4918aac4e47beec.jpg", "IMG_4368_JPG.rf.6d568008ed40af4c5dacfba3fd383847.jpg", "IMG_4366_JPG.rf.37b8bebbb90a52b9a19302b61be2c600.jpg", "IMG_4364_JPG.rf.b78eae1bf9cc51c047545f005330b60e.jpg"], "all_boxes": [{"predictions": {"_type": "boxes2D", "sha256": "890f36dea5a7c3bfdff775ed86e0f5b3c6dcc1e586fc84e322d22d556a22e5c9", "size": 1982, "path": "media/metadata/boxes2D/BoundingBoxDebugger_299_890f36dea5a7c3bfdff7.boxes2D.json"}}, {"predictions": {"_type": "boxes2D", "sha256": "84b5ad3898e25c70d63094a57db13fd3aa17a228cde13d5d7392ab45771384e4", "size": 996, "path": "media/metadata/boxes2D/BoundingBoxDebugger_299_84b5ad3898e25c70d630.boxes2D.json"}}, {"predictions": {"_type": "boxes2D", "sha256": "fb292219b7d70bc3fc6f8fb17669aa726d2ea4fefa03e980009bfb30edb27485", "size": 1946, "path": "media/metadata/boxes2D/BoundingBoxDebugger_299_fb292219b7d70bc3fc6f.boxes2D.json"}}, {"predictions": {"_type": "boxes2D", "sha256": "11b1e1c119c647c4d795e7df27981d744ca6db400b0cf7e5f42584614b08871e", "size": 1565, "path": "media/metadata/boxes2D/BoundingBoxDebugger_299_11b1e1c119c647c4d795.boxes2D.json"}}, {"predictions": {"_type": "boxes2D", "sha256": "c5981d53eec65917c31d9b81fd87aa9ca6cb64ee8254c6ef21951127a537190a", "size": 1944, "path": "media/metadata/boxes2D/BoundingBoxDebugger_299_c5981d53eec65917c31d.boxes2D.json"}}, {"predictions": {"_type": "boxes2D", "sha256": "9f78854433c3e9f24f1570bdb5f8ad3e23c5e6b873281e0cbb9330b61ec8a5a9", "size": 802, "path": "media/metadata/boxes2D/BoundingBoxDebugger_299_9f78854433c3e9f24f15.boxes2D.json"}}, {"predictions": {"_type": "boxes2D", "sha256": "8450bdcb5df8cf946c920333a2803a16e67671f6c38264ffa7240abb84101ae6", "size": 434, "path": "media/metadata/boxes2D/BoundingBoxDebugger_299_8450bdcb5df8cf946c92.boxes2D.json"}}, {"predictions": {"_type": "boxes2D", "sha256": "3def30d1001d298a3f0b4e08752e469f0ecdcec5aa86c7e74c3cf6f9e57882ff", "size": 624, "path": "media/metadata/boxes2D/BoundingBoxDebugger_299_3def30d1001d298a3f0b.boxes2D.json"}}, {"predictions": {"_type": "boxes2D", "sha256": "29a6af9fc53de7398bd1f927d7c1d603928b6dbadf15652de059f649d1814fdd", "size": 442, "path": "media/metadata/boxes2D/BoundingBoxDebugger_299_29a6af9fc53de7398bd1.boxes2D.json"}}, {"predictions": {"_type": "boxes2D", "sha256": "d543e2f5897a055dd9c327d2d6601b3cc05acb061c5914d77bcce26d69ef8801", "size": 252, "path": "media/metadata/boxes2D/BoundingBoxDebugger_299_d543e2f5897a055dd9c3.boxes2D.json"}}, {"predictions": {"_type": "boxes2D", "sha256": "14a242696792acd49eb932bb0f5815cc919bcba237611cdb82c02d0862dadc0a", "size": 626, "path": "media/metadata/boxes2D/BoundingBoxDebugger_299_14a242696792acd49eb9.boxes2D.json"}}, {"predictions": {"_type": "boxes2D", "sha256": "62f623068bbb0d49e370673e2c276abaae1ada3d2f9ebc05522d28a182b722ea", "size": 625, "path": "media/metadata/boxes2D/BoundingBoxDebugger_299_62f623068bbb0d49e370.boxes2D.json"}}, {"predictions": {"_type": "boxes2D", "sha256": "afcc954467f0b6664ba78b3e5b4ca24668ce6b1f6597f12aae4ebbf369b52fa8", "size": 1195, "path": "media/metadata/boxes2D/BoundingBoxDebugger_299_afcc954467f0b6664ba7.boxes2D.json"}}, {"predictions": {"_type": "boxes2D", "sha256": "e684a00fb1fde7cdb72cf977ce59e2f426b01781090206d01b5e698cc24215f5", "size": 432, "path": "media/metadata/boxes2D/BoundingBoxDebugger_299_e684a00fb1fde7cdb72c.boxes2D.json"}}, {"predictions": {"_type": "boxes2D", "sha256": "cec82d6f86f565d0415a34f16c2f7d14629628104af53d3ada85feab3a6c948c", "size": 624, "path": "media/metadata/boxes2D/BoundingBoxDebugger_299_cec82d6f86f565d0415a.boxes2D.json"}}, {"predictions": {"_type": "boxes2D", "sha256": "e18a142148a7f3965df948724b97514818e3224e3ccf889f569b9a2aebd35790", "size": 629, "path": "media/metadata/boxes2D/BoundingBoxDebugger_299_e18a142148a7f3965df9.boxes2D.json"}}]}, "Validation": {"_type": "images/separated", "width": 1920, "height": 1920, "format": "jpg", "count": 2, "filenames": ["media/images/Validation_300_f5e6452bf020eb5743d1.jpg", "media/images/Validation_300_d24be85b05cea6cf8f66.jpg"], "captions": ["val_batch0_labels.jpg", "val_batch0_pred.jpg"]}, "Results": {"_type": "images/separated", "width": 2400, "height": 1200, "format": "png", "count": 6, "filenames": ["media/images/Results_300_9ddc922b76b13d4d8a37.png", "media/images/Results_300_a5ad1fafeefaeaf8b2fe.png", "media/images/Results_300_6b3c4a03b1c4d3e942e4.png", "media/images/Results_300_a8e828f102c2efcd254e.png", "media/images/Results_300_6e30075020f26adc2ff0.png", "media/images/Results_300_766cabaa4cd9dab7d764.png"], "captions": ["results.png", "confusion_matrix.png", "F1_curve.png", "PR_curve.png", "P_curve.png", "R_curve.png"]}, "_wandb": {"runtime": 1405}}